op_id	desc	proc	level
68719476736	Operation <68719476736>		
1	main <1>	CPU Processor 0x1d00000000000006	2
3	init_points <3>	CPU Processor 0x1d00000000000002	2
4	Fill Operation <4>		
5	Fill Operation <5>		
6	Fill Operation <6>		
7	Fill Operation <7>		
8	Fill Operation <8>		
9	Fill Operation <9>		
10	Fill Operation <10>		
11	Fill Operation <11>		
12	time_measurement <12>	CPU Processor 0x1d00000000000002	2
13	update_density <13>	CPU Processor 0x1d00000000000002	2
14	update_by_pressure_force <14>	CPU Processor 0x1d00000000000006	3
15	integrate <15>	CPU Processor 0x1d00000000000006	3
16	update_density <16>	CPU Processor 0x1d00000000000006	3
17	update_by_pressure_force <17>	CPU Processor 0x1d00000000000006	3
18	integrate <18>	CPU Processor 0x1d00000000000006	3
19	time_measurement <19>	CPU Processor 0x1d00000000000001	2
20	__binary_int64_int64_- <20>	CPU Processor 0x1d00000000000005	2
21	Deletion Operation <21>		
81604378624	Operation <81604378624>		
85899345920	Operation <85899345920>		
60129542144	Operation <60129542144>		
77309411328	Operation <77309411328>		
64424509440	Operation <64424509440>		
4294999978	Operation <4294999978>		
12884901888	Operation <12884901888>		
0	Operation <0>		
73014444032	Operation <73014444032>		
51539607552	Operation <51539607552>		
55834574848	Operation <55834574848>		
